gap_multiplier,allowed_gap_seconds,axis,level,qualifying_runs
2,3.782,axis_1,Alert,0
2,3.782,axis_1,Error,0
2,3.782,axis_2,Alert,0
2,3.782,axis_2,Error,0
2,3.782,axis_3,Alert,0
2,3.782,axis_3,Error,0
2,3.782,axis_4,Alert,0
2,3.782,axis_4,Error,0
2,3.782,axis_5,Alert,0
2,3.782,axis_5,Error,0
2,3.782,axis_6,Alert,0
2,3.782,axis_6,Error,0
2,3.782,axis_7,Alert,0
2,3.782,axis_7,Error,0
2,3.782,axis_8,Alert,0
2,3.782,axis_8,Error,0
3,5.673,axis_1,Alert,0
3,5.673,axis_1,Error,0
3,5.673,axis_2,Alert,0
3,5.673,axis_2,Error,0
3,5.673,axis_3,Alert,0
3,5.673,axis_3,Error,0
3,5.673,axis_4,Alert,0
3,5.673,axis_4,Error,0
3,5.673,axis_5,Alert,0
3,5.673,axis_5,Error,0
3,5.673,axis_6,Alert,0
3,5.673,axis_6,Error,0
3,5.673,axis_7,Alert,0
3,5.673,axis_7,Error,0
3,5.673,axis_8,Alert,0
3,5.673,axis_8,Error,0
4,7.564,axis_1,Alert,0
4,7.564,axis_1,Error,0
4,7.564,axis_2,Alert,0
4,7.564,axis_2,Error,0
4,7.564,axis_3,Alert,0
4,7.564,axis_3,Error,0
4,7.564,axis_4,Alert,0
4,7.564,axis_4,Error,0
4,7.564,axis_5,Alert,0
4,7.564,axis_5,Error,0
4,7.564,axis_6,Alert,0
4,7.564,axis_6,Error,0
4,7.564,axis_7,Alert,0
4,7.564,axis_7,Error,0
4,7.564,axis_8,Alert,0
4,7.564,axis_8,Error,0
