partition,axis,MAE_A,RMSE_A,mean_residual_A,R_squared
training,axis_1,2.155795956742583,3.2986386344846554,-8.069000500729821e-18,5.074202731203403e-05
training,axis_2,5.79425615213068,8.1275804078833,-4.5724336170802324e-17,1.1355722112638134e-06
training,axis_3,4.063030499569386,6.0005573884124415,-1.3851784192919526e-16,0.0004723907470344235
training,axis_4,1.4720259033889567,2.2448014161468497,-1.3784542522080111e-17,0.00021266490482141354
training,axis_5,2.0888090256425094,2.789341158295094,-6.791408754780933e-17,3.8065766147843405e-05
training,axis_6,1.66996682203043,2.689560995060548,-5.5138170088320445e-17,2.8339966773316405e-07
training,axis_7,2.5920916783794574,3.0517321959194077,-1.0758667334306428e-17,0.0001294900431167978
training,axis_8,0.33361751801107187,0.672217398199333,7.144427526687862e-18,7.481452126512078e-05
calibration,axis_1,2.080695796085223,3.0194311236573586,-0.1515086331789795,-0.0024816235101634554
calibration,axis_2,5.934873717693327,8.297274750501014,0.20262230655853578,-0.000586195329189021
calibration,axis_3,3.9269541704276154,6.0588972639470695,0.35589708913176177,-0.003331192652465287
calibration,axis_4,1.4981094691458998,2.2147363129929447,-0.09117099859930194,-0.0017159279413367923
calibration,axis_5,2.0929996150246204,2.7732992025668284,0.05682975026934269,-0.00037712085448515786
calibration,axis_6,1.7414258126847622,2.8169306131357787,0.07095227646882787,-0.0006456205192699738
calibration,axis_7,2.643962356197786,3.0603910067384708,-0.08235248478618153,-0.0006878387719388979
calibration,axis_8,0.34648658550171785,0.6611230189205883,-0.013724614309009783,-0.0003993147172032252
