run_id,axis,level,start,triggered_at,duration_at_trigger_seconds,threshold_A,residual_at_trigger_A,detected_at_utc
922d7a20-8f5b-4bd4-a094-27c6cd72a77b,axis_1,Alert,2022-10-18 12:58:50.628000+00:00,2022-10-18 12:58:56.628000+00:00,6.0,6.637189200999724,10.487316061478447,2026-10-05 10:17:19.709516+00:00
922d7a20-8f5b-4bd4-a094-27c6cd72a77b,axis_1,Alert,2022-10-18 12:59:14.628000+00:00,2022-10-18 12:59:20.628000+00:00,6.0,6.637189200999724,16.26250635219653,2026-10-05 10:17:20.532568+00:00
922d7a20-8f5b-4bd4-a094-27c6cd72a77b,axis_1,Error,2022-10-18 12:59:14.628000+00:00,2022-10-18 12:59:20.628000+00:00,6.0,14.337442921957171,16.26250635219653,2026-10-05 10:17:20.532741+00:00
922d7a20-8f5b-4bd4-a094-27c6cd72a77b,axis_1,Alert,2022-10-18 13:00:54.301000+00:00,2022-10-18 13:01:00.301000+00:00,6.0,6.637189200999724,8.748106865319514,2026-10-05 10:17:22.184300+00:00
922d7a20-8f5b-4bd4-a094-27c6cd72a77b,axis_1,Error,2022-10-18 13:01:18.301000+00:00,2022-10-18 13:01:24.301000+00:00,6.0,14.337442921957171,16.82328243330676,2026-10-05 10:17:22.185818+00:00
922d7a20-8f5b-4bd4-a094-27c6cd72a77b,axis_2,Alert,2022-10-18 13:02:28.301000+00:00,2022-10-18 13:02:34.301000+00:00,6.0,16.035300564069814,23.9808993269269,2026-10-05 10:17:23.035901+00:00
922d7a20-8f5b-4bd4-a094-27c6cd72a77b,axis_2,Alert,2022-10-18 13:02:52.301000+00:00,2022-10-18 13:02:58.301000+00:00,6.0,16.035300564069814,35.89929747121253,2026-10-05 10:17:23.781654+00:00
922d7a20-8f5b-4bd4-a094-27c6cd72a77b,axis_2,Error,2022-10-18 13:02:52.301000+00:00,2022-10-18 13:02:58.301000+00:00,6.0,31.926498089783983,35.89929747121253,2026-10-05 10:17:23.781812+00:00
922d7a20-8f5b-4bd4-a094-27c6cd72a77b,axis_2,Alert,2022-10-18 13:04:33.974000+00:00,2022-10-18 13:04:39.974000+00:00,6.0,16.035300564069814,20.79683439711622,2026-10-05 10:17:25.429419+00:00
922d7a20-8f5b-4bd4-a094-27c6cd72a77b,axis_2,Error,2022-10-18 13:04:55.974000+00:00,2022-10-18 13:05:01.974000+00:00,6.0,31.926498089783983,37.13720428056469,2026-10-05 10:17:25.431367+00:00
922d7a20-8f5b-4bd4-a094-27c6cd72a77b,axis_3,Alert,2022-10-18 13:06:05.974000+00:00,2022-10-18 13:06:11.974000+00:00,6.0,13.549195584470679,17.88158693188552,2026-10-05 10:17:27.005232+00:00
922d7a20-8f5b-4bd4-a094-27c6cd72a77b,axis_3,Alert,2022-10-18 13:06:29.974000+00:00,2022-10-18 13:06:35.974000+00:00,6.0,13.549195584470679,24.380173953007777,2026-10-05 10:17:27.007570+00:00
922d7a20-8f5b-4bd4-a094-27c6cd72a77b,axis_3,Error,2022-10-18 13:06:29.974000+00:00,2022-10-18 13:06:35.974000+00:00,6.0,22.21397827930036,24.380173953007777,2026-10-05 10:17:27.007598+00:00
922d7a20-8f5b-4bd4-a094-27c6cd72a77b,axis_3,Alert,2022-10-18 13:08:17.647000+00:00,2022-10-18 13:08:23.647000+00:00,6.0,13.549195584470679,17.150191332460643,2026-10-05 10:17:28.647811+00:00
922d7a20-8f5b-4bd4-a094-27c6cd72a77b,axis_3,Error,2022-10-18 13:08:35.647000+00:00,2022-10-18 13:08:41.647000+00:00,6.0,22.21397827930036,26.229704390822164,2026-10-05 10:17:28.649701+00:00
922d7a20-8f5b-4bd4-a094-27c6cd72a77b,axis_4,Alert,2022-10-18 13:09:43.647000+00:00,2022-10-18 13:09:49.647000+00:00,6.0,4.675862317118295,7.424045164426152,2026-10-05 10:17:30.184141+00:00
922d7a20-8f5b-4bd4-a094-27c6cd72a77b,axis_4,Alert,2022-10-18 13:10:07.647000+00:00,2022-10-18 13:10:13.647000+00:00,6.0,4.675862317118295,11.546319435387943,2026-10-05 10:17:30.186102+00:00
922d7a20-8f5b-4bd4-a094-27c6cd72a77b,axis_4,Error,2022-10-18 13:10:07.647000+00:00,2022-10-18 13:10:13.647000+00:00,6.0,10.172228011734013,11.546319435387943,2026-10-05 10:17:30.186130+00:00
922d7a20-8f5b-4bd4-a094-27c6cd72a77b,axis_4,Alert,2022-10-18 13:11:47.320000+00:00,2022-10-18 13:11:53.320000+00:00,6.0,4.675862317118295,6.211123558346618,2026-10-05 10:17:31.774681+00:00
922d7a20-8f5b-4bd4-a094-27c6cd72a77b,axis_4,Error,2022-10-18 13:12:11.320000+00:00,2022-10-18 13:12:17.320000+00:00,6.0,10.172228011734013,11.9444683814358,2026-10-05 10:17:32.585814+00:00
922d7a20-8f5b-4bd4-a094-27c6cd72a77b,axis_5,Alert,2022-10-18 13:13:21.320000+00:00,2022-10-18 13:13:27.320000+00:00,6.0,5.2078225116274615,7.997677744521965,2026-10-05 10:17:33.342506+00:00
922d7a20-8f5b-4bd4-a094-27c6cd72a77b,axis_5,Alert,2022-10-18 13:13:45.320000+00:00,2022-10-18 13:13:51.320000+00:00,6.0,5.2078225116274615,12.182460593863723,2026-10-05 10:17:34.162597+00:00
922d7a20-8f5b-4bd4-a094-27c6cd72a77b,axis_5,Error,2022-10-18 13:13:45.320000+00:00,2022-10-18 13:13:51.320000+00:00,6.0,10.78753297741647,12.182460593863723,2026-10-05 10:17:34.162799+00:00
922d7a20-8f5b-4bd4-a094-27c6cd72a77b,axis_5,Alert,2022-10-18 13:15:26.993000+00:00,2022-10-18 13:15:32.993000+00:00,6.0,5.2078225116274615,7.057425447479674,2026-10-05 10:17:34.921238+00:00
922d7a20-8f5b-4bd4-a094-27c6cd72a77b,axis_5,Error,2022-10-18 13:15:48.993000+00:00,2022-10-18 13:15:54.993000+00:00,6.0,10.78753297741647,12.602545441927987,2026-10-05 10:17:35.734840+00:00
922d7a20-8f5b-4bd4-a094-27c6cd72a77b,axis_6,Alert,2022-10-18 13:16:58.993000+00:00,2022-10-18 13:17:04.993000+00:00,6.0,5.595853636070971,8.98014926534203,2026-10-05 10:17:36.463510+00:00
922d7a20-8f5b-4bd4-a094-27c6cd72a77b,axis_6,Alert,2022-10-18 13:17:22.993000+00:00,2022-10-18 13:17:28.993000+00:00,6.0,5.595853636070971,14.05659270924862,2026-10-05 10:17:37.293774+00:00
922d7a20-8f5b-4bd4-a094-27c6cd72a77b,axis_6,Error,2022-10-18 13:17:22.993000+00:00,2022-10-18 13:17:28.993000+00:00,6.0,12.36444489461309,14.05659270924862,2026-10-05 10:17:37.294218+00:00
922d7a20-8f5b-4bd4-a094-27c6cd72a77b,axis_6,Alert,2022-10-18 13:19:02.666000+00:00,2022-10-18 13:19:08.666000+00:00,6.0,5.595853636070971,7.561477457388912,2026-10-05 10:17:38.894683+00:00
922d7a20-8f5b-4bd4-a094-27c6cd72a77b,axis_6,Error,2022-10-18 13:19:26.666000+00:00,2022-10-18 13:19:32.666000+00:00,6.0,12.36444489461309,14.541302802670984,2026-10-05 10:17:38.903902+00:00
922d7a20-8f5b-4bd4-a094-27c6cd72a77b,axis_7,Alert,2022-10-18 13:20:36.666000+00:00,2022-10-18 13:20:42.666000+00:00,6.0,5.647214336834566,7.173152639507334,2026-10-05 10:17:39.657005+00:00
922d7a20-8f5b-4bd4-a094-27c6cd72a77b,axis_7,Alert,2022-10-18 13:21:00.666000+00:00,2022-10-18 13:21:06.666000+00:00,6.0,5.647214336834566,9.462060093516484,2026-10-05 10:17:40.454952+00:00
922d7a20-8f5b-4bd4-a094-27c6cd72a77b,axis_7,Error,2022-10-18 13:21:00.666000+00:00,2022-10-18 13:21:06.666000+00:00,6.0,8.699090942180101,9.462060093516484,2026-10-05 10:17:40.455132+00:00
922d7a20-8f5b-4bd4-a094-27c6cd72a77b,axis_7,Alert,2022-10-18 13:22:50.339000+00:00,2022-10-18 13:22:56.339000+00:00,6.0,5.647214336834566,7.047603379998485,2026-10-05 10:17:42.140283+00:00
922d7a20-8f5b-4bd4-a094-27c6cd72a77b,axis_7,Error,2022-10-18 13:23:06.339000+00:00,2022-10-18 13:23:12.339000+00:00,6.0,8.699090942180101,10.179871548886702,2026-10-05 10:17:42.142478+00:00
922d7a20-8f5b-4bd4-a094-27c6cd72a77b,axis_8,Alert,2022-10-18 13:24:14.339000+00:00,2022-10-18 13:24:20.339000+00:00,6.0,1.0305249322759205,2.351020390106413,2026-10-05 10:17:43.778081+00:00
922d7a20-8f5b-4bd4-a094-27c6cd72a77b,axis_8,Alert,2022-10-18 13:24:38.339000+00:00,2022-10-18 13:24:44.339000+00:00,6.0,1.0305249322759205,4.331763576852151,2026-10-05 10:17:43.779928+00:00
922d7a20-8f5b-4bd4-a094-27c6cd72a77b,axis_8,Error,2022-10-18 13:24:38.339000+00:00,2022-10-18 13:24:44.339000+00:00,6.0,3.671515847936905,4.331763576852151,2026-10-05 10:17:43.779960+00:00
922d7a20-8f5b-4bd4-a094-27c6cd72a77b,axis_8,Alert,2022-10-18 13:26:10.012000+00:00,2022-10-18 13:26:16.012000+00:00,6.0,1.0305249322759205,1.6132085044828703,2026-10-05 10:17:45.399137+00:00
922d7a20-8f5b-4bd4-a094-27c6cd72a77b,axis_8,Error,2022-10-18 13:26:40.012000+00:00,2022-10-18 13:26:46.012000+00:00,6.0,3.671515847936905,4.301889345287654,2026-10-05 10:17:45.402385+00:00
