scenario_id,axis,scenario,start,end,injected_deviation_A,expected_alert,expected_error
axis_1_brief_spike,axis_1,brief_spike,2022-10-18 12:58:20.628000+00:00,2022-10-18 12:58:42.628000+00:00,16.26250635219653,False,False
axis_1_sustained_alert,axis_1,sustained_alert,2022-10-18 12:58:44.628000+00:00,2022-10-18 12:59:06.628000+00:00,10.487316061478447,True,False
axis_1_sustained_error,axis_1,sustained_error,2022-10-18 12:59:08.628000+00:00,2022-10-18 12:59:30.628000+00:00,16.26250635219653,True,True
axis_1_interrupted_run,axis_1,interrupted_run,2022-10-18 12:59:32.628000+00:00,2022-10-18 12:59:54.628000+00:00,16.26250635219653,False,False
axis_1_recording_gap,axis_1,recording_gap,2022-10-18 12:59:56.628000+00:00,2022-10-18 13:00:26.301000+00:00,16.26250635219653,False,False
axis_1_gradual_overload,axis_1,gradual_overload,2022-10-18 13:00:28.301000+00:00,2022-10-18 13:01:56.301000+00:00,19.51500762263584,True,True
axis_2_brief_spike,axis_2,brief_spike,2022-10-18 13:01:58.301000+00:00,2022-10-18 13:02:20.301000+00:00,35.89929747121253,False,False
axis_2_sustained_alert,axis_2,sustained_alert,2022-10-18 13:02:22.301000+00:00,2022-10-18 13:02:44.301000+00:00,23.9808993269269,True,False
axis_2_sustained_error,axis_2,sustained_error,2022-10-18 13:02:46.301000+00:00,2022-10-18 13:03:08.301000+00:00,35.89929747121253,True,True
axis_2_interrupted_run,axis_2,interrupted_run,2022-10-18 13:03:10.301000+00:00,2022-10-18 13:03:32.301000+00:00,35.89929747121253,False,False
axis_2_recording_gap,axis_2,recording_gap,2022-10-18 13:03:34.301000+00:00,2022-10-18 13:04:03.974000+00:00,35.89929747121253,False,False
axis_2_gradual_overload,axis_2,gradual_overload,2022-10-18 13:04:05.974000+00:00,2022-10-18 13:05:33.974000+00:00,43.079156965455034,True,True
axis_3_brief_spike,axis_3,brief_spike,2022-10-18 13:05:35.974000+00:00,2022-10-18 13:05:57.974000+00:00,24.38017395300778,False,False
axis_3_sustained_alert,axis_3,sustained_alert,2022-10-18 13:05:59.974000+00:00,2022-10-18 13:06:21.974000+00:00,17.88158693188552,True,False
axis_3_sustained_error,axis_3,sustained_error,2022-10-18 13:06:23.974000+00:00,2022-10-18 13:06:45.974000+00:00,24.38017395300778,True,True
axis_3_interrupted_run,axis_3,interrupted_run,2022-10-18 13:06:47.974000+00:00,2022-10-18 13:07:09.974000+00:00,24.38017395300778,False,False
axis_3_recording_gap,axis_3,recording_gap,2022-10-18 13:07:11.974000+00:00,2022-10-18 13:07:41.647000+00:00,24.38017395300778,False,False
axis_3_gradual_overload,axis_3,gradual_overload,2022-10-18 13:07:43.647000+00:00,2022-10-18 13:09:11.647000+00:00,29.256208743609335,True,True
axis_4_brief_spike,axis_4,brief_spike,2022-10-18 13:09:13.647000+00:00,2022-10-18 13:09:35.647000+00:00,11.546319435387943,False,False
axis_4_sustained_alert,axis_4,sustained_alert,2022-10-18 13:09:37.647000+00:00,2022-10-18 13:09:59.647000+00:00,7.424045164426154,True,False
axis_4_sustained_error,axis_4,sustained_error,2022-10-18 13:10:01.647000+00:00,2022-10-18 13:10:23.647000+00:00,11.546319435387943,True,True
axis_4_interrupted_run,axis_4,interrupted_run,2022-10-18 13:10:25.647000+00:00,2022-10-18 13:10:47.647000+00:00,11.546319435387943,False,False
axis_4_recording_gap,axis_4,recording_gap,2022-10-18 13:10:49.647000+00:00,2022-10-18 13:11:19.320000+00:00,11.546319435387943,False,False
axis_4_gradual_overload,axis_4,gradual_overload,2022-10-18 13:11:21.320000+00:00,2022-10-18 13:12:49.320000+00:00,13.855583322465531,True,True
axis_5_brief_spike,axis_5,brief_spike,2022-10-18 13:12:51.320000+00:00,2022-10-18 13:13:13.320000+00:00,12.182460593863722,False,False
axis_5_sustained_alert,axis_5,sustained_alert,2022-10-18 13:13:15.320000+00:00,2022-10-18 13:13:37.320000+00:00,7.997677744521965,True,False
axis_5_sustained_error,axis_5,sustained_error,2022-10-18 13:13:39.320000+00:00,2022-10-18 13:14:01.320000+00:00,12.182460593863722,True,True
axis_5_interrupted_run,axis_5,interrupted_run,2022-10-18 13:14:03.320000+00:00,2022-10-18 13:14:25.320000+00:00,12.182460593863722,False,False
axis_5_recording_gap,axis_5,recording_gap,2022-10-18 13:14:27.320000+00:00,2022-10-18 13:14:56.993000+00:00,12.182460593863722,False,False
axis_5_gradual_overload,axis_5,gradual_overload,2022-10-18 13:14:58.993000+00:00,2022-10-18 13:16:26.993000+00:00,14.618952712636466,True,True
axis_6_brief_spike,axis_6,brief_spike,2022-10-18 13:16:28.993000+00:00,2022-10-18 13:16:50.993000+00:00,14.05659270924862,False,False
axis_6_sustained_alert,axis_6,sustained_alert,2022-10-18 13:16:52.993000+00:00,2022-10-18 13:17:14.993000+00:00,8.98014926534203,True,False
axis_6_sustained_error,axis_6,sustained_error,2022-10-18 13:17:16.993000+00:00,2022-10-18 13:17:38.993000+00:00,14.05659270924862,True,True
axis_6_interrupted_run,axis_6,interrupted_run,2022-10-18 13:17:40.993000+00:00,2022-10-18 13:18:02.993000+00:00,14.05659270924862,False,False
axis_6_recording_gap,axis_6,recording_gap,2022-10-18 13:18:04.993000+00:00,2022-10-18 13:18:34.666000+00:00,14.05659270924862,False,False
axis_6_gradual_overload,axis_6,gradual_overload,2022-10-18 13:18:36.666000+00:00,2022-10-18 13:20:04.666000+00:00,16.86791125109834,True,True
axis_7_brief_spike,axis_7,brief_spike,2022-10-18 13:20:06.666000+00:00,2022-10-18 13:20:28.666000+00:00,9.462060093516484,False,False
axis_7_sustained_alert,axis_7,sustained_alert,2022-10-18 13:20:30.666000+00:00,2022-10-18 13:20:52.666000+00:00,7.173152639507334,True,False
axis_7_sustained_error,axis_7,sustained_error,2022-10-18 13:20:54.666000+00:00,2022-10-18 13:21:16.666000+00:00,9.462060093516484,True,True
axis_7_interrupted_run,axis_7,interrupted_run,2022-10-18 13:21:18.666000+00:00,2022-10-18 13:21:40.666000+00:00,9.462060093516484,False,False
axis_7_recording_gap,axis_7,recording_gap,2022-10-18 13:21:42.666000+00:00,2022-10-18 13:22:12.339000+00:00,9.462060093516484,False,False
axis_7_gradual_overload,axis_7,gradual_overload,2022-10-18 13:22:14.339000+00:00,2022-10-18 13:23:42.339000+00:00,11.354472112219781,True,True
axis_8_brief_spike,axis_8,brief_spike,2022-10-18 13:23:44.339000+00:00,2022-10-18 13:24:06.339000+00:00,4.331763576852151,False,False
axis_8_sustained_alert,axis_8,sustained_alert,2022-10-18 13:24:08.339000+00:00,2022-10-18 13:24:30.339000+00:00,2.3510203901064126,True,False
axis_8_sustained_error,axis_8,sustained_error,2022-10-18 13:24:32.339000+00:00,2022-10-18 13:24:54.339000+00:00,4.331763576852151,True,True
axis_8_interrupted_run,axis_8,interrupted_run,2022-10-18 13:24:56.339000+00:00,2022-10-18 13:25:18.339000+00:00,4.331763576852151,False,False
axis_8_recording_gap,axis_8,recording_gap,2022-10-18 13:25:20.339000+00:00,2022-10-18 13:25:50.012000+00:00,4.331763576852151,False,False
axis_8_gradual_overload,axis_8,gradual_overload,2022-10-18 13:25:52.012000+00:00,2022-10-18 13:27:20.012000+00:00,5.198116292222582,True,True
