axis,level,threshold_A,required_duration_seconds,start,triggered_at,last_exceedance,observed_duration_seconds,sample_count,peak_residual_A
axis_1,Alert,6.637189200999724,5.0,2022-10-18 12:58:50.628000+00:00,2022-10-18 12:58:56.628000+00:00,2022-10-18 12:58:58.628000+00:00,8.0,5,10.487316061478449
axis_1,Alert,6.637189200999724,5.0,2022-10-18 12:59:14.628000+00:00,2022-10-18 12:59:20.628000+00:00,2022-10-18 12:59:22.628000+00:00,8.0,5,16.26250635219653
axis_1,Error,14.337442921957171,5.0,2022-10-18 12:59:14.628000+00:00,2022-10-18 12:59:20.628000+00:00,2022-10-18 12:59:22.628000+00:00,8.0,5,16.26250635219653
axis_1,Alert,6.637189200999724,5.0,2022-10-18 13:00:54.301000+00:00,2022-10-18 13:01:00.301000+00:00,2022-10-18 13:01:48.301000+00:00,54.0,28,19.515007622635842
axis_1,Error,14.337442921957171,5.0,2022-10-18 13:01:18.301000+00:00,2022-10-18 13:01:24.301000+00:00,2022-10-18 13:01:48.301000+00:00,30.0,16,19.515007622635842
axis_2,Alert,16.035300564069814,5.0,2022-10-18 13:02:28.301000+00:00,2022-10-18 13:02:34.301000+00:00,2022-10-18 13:02:36.301000+00:00,8.0,5,23.980899326926902
axis_2,Alert,16.035300564069814,5.0,2022-10-18 13:02:52.301000+00:00,2022-10-18 13:02:58.301000+00:00,2022-10-18 13:03:00.301000+00:00,8.0,5,35.89929747121253
axis_2,Error,31.926498089783983,5.0,2022-10-18 13:02:52.301000+00:00,2022-10-18 13:02:58.301000+00:00,2022-10-18 13:03:00.301000+00:00,8.0,5,35.89929747121253
axis_2,Alert,16.035300564069814,5.0,2022-10-18 13:04:33.974000+00:00,2022-10-18 13:04:39.974000+00:00,2022-10-18 13:05:25.974000+00:00,52.0,27,43.07915696545504
axis_2,Error,31.926498089783983,5.0,2022-10-18 13:04:55.974000+00:00,2022-10-18 13:05:01.974000+00:00,2022-10-18 13:05:25.974000+00:00,30.0,16,43.07915696545504
axis_3,Alert,13.549195584470679,5.0,2022-10-18 13:06:05.974000+00:00,2022-10-18 13:06:11.974000+00:00,2022-10-18 13:06:13.974000+00:00,8.0,5,17.881586931885522
axis_3,Alert,13.549195584470679,5.0,2022-10-18 13:06:29.974000+00:00,2022-10-18 13:06:35.974000+00:00,2022-10-18 13:06:37.974000+00:00,8.0,5,24.380173953007784
axis_3,Error,22.21397827930036,5.0,2022-10-18 13:06:29.974000+00:00,2022-10-18 13:06:35.974000+00:00,2022-10-18 13:06:37.974000+00:00,8.0,5,24.380173953007784
axis_3,Alert,13.549195584470679,5.0,2022-10-18 13:08:17.647000+00:00,2022-10-18 13:08:23.647000+00:00,2022-10-18 13:09:03.647000+00:00,46.0,24,29.25620874360934
axis_3,Error,22.21397827930036,5.0,2022-10-18 13:08:35.647000+00:00,2022-10-18 13:08:41.647000+00:00,2022-10-18 13:09:03.647000+00:00,28.0,15,29.25620874360934
axis_4,Alert,4.675862317118295,5.0,2022-10-18 13:09:43.647000+00:00,2022-10-18 13:09:49.647000+00:00,2022-10-18 13:09:51.647000+00:00,8.0,5,7.424045164426155
axis_4,Alert,4.675862317118295,5.0,2022-10-18 13:10:07.647000+00:00,2022-10-18 13:10:13.647000+00:00,2022-10-18 13:10:15.647000+00:00,8.0,5,11.546319435387943
axis_4,Error,10.172228011734013,5.0,2022-10-18 13:10:07.647000+00:00,2022-10-18 13:10:13.647000+00:00,2022-10-18 13:10:15.647000+00:00,8.0,5,11.546319435387943
axis_4,Alert,4.675862317118295,5.0,2022-10-18 13:11:47.320000+00:00,2022-10-18 13:11:53.320000+00:00,2022-10-18 13:12:41.320000+00:00,54.0,28,13.855583322465531
axis_4,Error,10.172228011734013,5.0,2022-10-18 13:12:11.320000+00:00,2022-10-18 13:12:17.320000+00:00,2022-10-18 13:12:41.320000+00:00,30.0,16,13.855583322465531
axis_5,Alert,5.2078225116274615,5.0,2022-10-18 13:13:21.320000+00:00,2022-10-18 13:13:27.320000+00:00,2022-10-18 13:13:29.320000+00:00,8.0,5,7.997677744521965
axis_5,Alert,5.2078225116274615,5.0,2022-10-18 13:13:45.320000+00:00,2022-10-18 13:13:51.320000+00:00,2022-10-18 13:13:53.320000+00:00,8.0,5,12.182460593863723
axis_5,Error,10.78753297741647,5.0,2022-10-18 13:13:45.320000+00:00,2022-10-18 13:13:51.320000+00:00,2022-10-18 13:13:53.320000+00:00,8.0,5,12.182460593863723
axis_5,Alert,5.2078225116274615,5.0,2022-10-18 13:15:26.993000+00:00,2022-10-18 13:15:32.993000+00:00,2022-10-18 13:16:18.993000+00:00,52.0,27,14.618952712636467
axis_5,Error,10.78753297741647,5.0,2022-10-18 13:15:48.993000+00:00,2022-10-18 13:15:54.993000+00:00,2022-10-18 13:16:18.993000+00:00,30.0,16,14.618952712636467
axis_6,Alert,5.595853636070971,5.0,2022-10-18 13:16:58.993000+00:00,2022-10-18 13:17:04.993000+00:00,2022-10-18 13:17:06.993000+00:00,8.0,5,8.98014926534203
axis_6,Alert,5.595853636070971,5.0,2022-10-18 13:17:22.993000+00:00,2022-10-18 13:17:28.993000+00:00,2022-10-18 13:17:30.993000+00:00,8.0,5,14.05659270924862
axis_6,Error,12.36444489461309,5.0,2022-10-18 13:17:22.993000+00:00,2022-10-18 13:17:28.993000+00:00,2022-10-18 13:17:30.993000+00:00,8.0,5,14.05659270924862
axis_6,Alert,5.595853636070971,5.0,2022-10-18 13:19:02.666000+00:00,2022-10-18 13:19:08.666000+00:00,2022-10-18 13:19:56.666000+00:00,54.0,28,16.86791125109834
axis_6,Error,12.36444489461309,5.0,2022-10-18 13:19:26.666000+00:00,2022-10-18 13:19:32.666000+00:00,2022-10-18 13:19:56.666000+00:00,30.0,16,16.86791125109834
axis_7,Alert,5.647214336834566,5.0,2022-10-18 13:20:36.666000+00:00,2022-10-18 13:20:42.666000+00:00,2022-10-18 13:20:44.666000+00:00,8.0,5,7.173152639507334
axis_7,Alert,5.647214336834566,5.0,2022-10-18 13:21:00.666000+00:00,2022-10-18 13:21:06.666000+00:00,2022-10-18 13:21:08.666000+00:00,8.0,5,9.462060093516484
axis_7,Error,8.699090942180101,5.0,2022-10-18 13:21:00.666000+00:00,2022-10-18 13:21:06.666000+00:00,2022-10-18 13:21:08.666000+00:00,8.0,5,9.462060093516484
axis_7,Alert,5.647214336834566,5.0,2022-10-18 13:22:50.339000+00:00,2022-10-18 13:22:56.339000+00:00,2022-10-18 13:23:34.339000+00:00,44.0,23,11.354472112219781
axis_7,Error,8.699090942180101,5.0,2022-10-18 13:23:06.339000+00:00,2022-10-18 13:23:12.339000+00:00,2022-10-18 13:23:34.339000+00:00,28.0,15,11.354472112219781
axis_8,Alert,1.0305249322759205,5.0,2022-10-18 13:24:14.339000+00:00,2022-10-18 13:24:20.339000+00:00,2022-10-18 13:24:22.339000+00:00,8.0,5,2.3510203901064126
axis_8,Alert,1.0305249322759205,5.0,2022-10-18 13:24:38.339000+00:00,2022-10-18 13:24:44.339000+00:00,2022-10-18 13:24:46.339000+00:00,8.0,5,4.331763576852151
axis_8,Error,3.671515847936905,5.0,2022-10-18 13:24:38.339000+00:00,2022-10-18 13:24:44.339000+00:00,2022-10-18 13:24:46.339000+00:00,8.0,5,4.331763576852151
axis_8,Alert,1.0305249322759205,5.0,2022-10-18 13:26:10.012000+00:00,2022-10-18 13:26:16.012000+00:00,2022-10-18 13:27:12.012000+00:00,62.0,32,5.198116292222583
axis_8,Error,3.671515847936905,5.0,2022-10-18 13:26:40.012000+00:00,2022-10-18 13:26:46.012000+00:00,2022-10-18 13:27:12.012000+00:00,32.0,17,5.198116292222583
