scenario_id,expected_alert,actual_alert,expected_error,actual_error,passed
axis_1_brief_spike,False,False,False,False,True
axis_1_sustained_alert,True,True,False,False,True
axis_1_sustained_error,True,True,True,True,True
axis_1_interrupted_run,False,False,False,False,True
axis_1_recording_gap,False,False,False,False,True
axis_1_gradual_overload,True,True,True,True,True
axis_2_brief_spike,False,False,False,False,True
axis_2_sustained_alert,True,True,False,False,True
axis_2_sustained_error,True,True,True,True,True
axis_2_interrupted_run,False,False,False,False,True
axis_2_recording_gap,False,False,False,False,True
axis_2_gradual_overload,True,True,True,True,True
axis_3_brief_spike,False,False,False,False,True
axis_3_sustained_alert,True,True,False,False,True
axis_3_sustained_error,True,True,True,True,True
axis_3_interrupted_run,False,False,False,False,True
axis_3_recording_gap,False,False,False,False,True
axis_3_gradual_overload,True,True,True,True,True
axis_4_brief_spike,False,False,False,False,True
axis_4_sustained_alert,True,True,False,False,True
axis_4_sustained_error,True,True,True,True,True
axis_4_interrupted_run,False,False,False,False,True
axis_4_recording_gap,False,False,False,False,True
axis_4_gradual_overload,True,True,True,True,True
axis_5_brief_spike,False,False,False,False,True
axis_5_sustained_alert,True,True,False,False,True
axis_5_sustained_error,True,True,True,True,True
axis_5_interrupted_run,False,False,False,False,True
axis_5_recording_gap,False,False,False,False,True
axis_5_gradual_overload,True,True,True,True,True
axis_6_brief_spike,False,False,False,False,True
axis_6_sustained_alert,True,True,False,False,True
axis_6_sustained_error,True,True,True,True,True
axis_6_interrupted_run,False,False,False,False,True
axis_6_recording_gap,False,False,False,False,True
axis_6_gradual_overload,True,True,True,True,True
axis_7_brief_spike,False,False,False,False,True
axis_7_sustained_alert,True,True,False,False,True
axis_7_sustained_error,True,True,True,True,True
axis_7_interrupted_run,False,False,False,False,True
axis_7_recording_gap,False,False,False,False,True
axis_7_gradual_overload,True,True,True,True,True
axis_8_brief_spike,False,False,False,False,True
axis_8_sustained_alert,True,True,False,False,True
axis_8_sustained_error,True,True,True,True,True
axis_8_interrupted_run,False,False,False,False,True
axis_8_recording_gap,False,False,False,False,True
axis_8_gradual_overload,True,True,True,True,True
