axis,candidate,threshold_A,T_seconds,exceeding_readings_pct,all_runs,sustained_runs,longest_run_seconds
axis_1,p80,1.1193485579583693,2,19.67938087341072,621,17,7.378
axis_1,p80,1.1193485579583693,4,19.67938087341072,621,1,7.378
axis_1,p80,1.1193485579583693,5,19.67938087341072,621,1,7.378
axis_1,p80,1.1193485579583693,6,19.67938087341072,621,1,7.378
axis_1,p80,1.1193485579583693,10,19.67938087341072,621,0,7.378
axis_1,p85,2.0978921559868784,2,14.566058595909343,475,8,7.378
axis_1,p85,2.0978921559868784,4,14.566058595909343,475,1,7.378
axis_1,p85,2.0978921559868784,5,14.566058595909343,475,1,7.378
axis_1,p85,2.0978921559868784,6,14.566058595909343,475,1,7.378
axis_1,p85,2.0978921559868784,10,14.566058595909343,475,0,7.378
axis_1,p90,3.5821139159878457,2,8.65118850193477,296,0,1.973
axis_1,p90,3.5821139159878457,4,8.65118850193477,296,0,1.973
axis_1,p90,3.5821139159878457,5,8.65118850193477,296,0,1.973
axis_1,p90,3.5821139159878457,6,8.65118850193477,296,0,1.973
axis_1,p90,3.5821139159878457,10,8.65118850193477,296,0,1.973
axis_1,p95,6.637189200999724,2,4.173576561636263,147,0,1.954
axis_1,p95,6.637189200999724,4,4.173576561636263,147,0,1.954
axis_1,p95,6.637189200999724,5,4.173576561636263,147,0,1.954
axis_1,p95,6.637189200999724,6,4.173576561636263,147,0,1.954
axis_1,p95,6.637189200999724,10,4.173576561636263,147,0,1.954
axis_1,p97_5,10.005041654996068,2,1.9071310116086235,69,0,0.0
axis_1,p97_5,10.005041654996068,4,1.9071310116086235,69,0,0.0
axis_1,p97_5,10.005041654996068,5,1.9071310116086235,69,0,0.0
axis_1,p97_5,10.005041654996068,6,1.9071310116086235,69,0,0.0
axis_1,p97_5,10.005041654996068,10,1.9071310116086235,69,0,0.0
axis_1,p99,14.337442921957171,2,0.7186290768380321,26,0,0.0
axis_1,p99,14.337442921957171,4,0.7186290768380321,26,0,0.0
axis_1,p99,14.337442921957171,5,0.7186290768380321,26,0,0.0
axis_1,p99,14.337442921957171,6,0.7186290768380321,26,0,0.0
axis_1,p99,14.337442921957171,10,0.7186290768380321,26,0,0.0
axis_1,p99_5,18.764020765976888,2,0.30403537866224434,11,0,0.0
axis_1,p99_5,18.764020765976888,4,0.30403537866224434,11,0,0.0
axis_1,p99_5,18.764020765976888,5,0.30403537866224434,11,0,0.0
axis_1,p99_5,18.764020765976888,6,0.30403537866224434,11,0,0.0
axis_1,p99_5,18.764020765976888,10,0.30403537866224434,11,0,0.0
axis_2,p80,3.0737818131953825,2,21.531232725262576,622,25,5.851
axis_2,p80,3.0737818131953825,4,21.531232725262576,622,1,5.851
axis_2,p80,3.0737818131953825,5,21.531232725262576,622,1,5.851
axis_2,p80,3.0737818131953825,6,21.531232725262576,622,0,5.851
axis_2,p80,3.0737818131953825,10,21.531232725262576,622,0,5.851
axis_2,p85,5.9170711706157,2,16.44555002763958,488,15,3.881
axis_2,p85,5.9170711706157,4,16.44555002763958,488,0,3.881
axis_2,p85,5.9170711706157,5,16.44555002763958,488,0,3.881
axis_2,p85,5.9170711706157,6,16.44555002763958,488,0,3.881
axis_2,p85,5.9170711706157,10,16.44555002763958,488,0,3.881
axis_2,p90,10.184359817520276,2,10.53067993366501,336,2,3.859
axis_2,p90,10.184359817520276,4,10.53067993366501,336,0,3.859
axis_2,p90,10.184359817520276,5,10.53067993366501,336,0,3.859
axis_2,p90,10.184359817520276,6,10.53067993366501,336,0,3.859
axis_2,p90,10.184359817520276,10,10.53067993366501,336,0,3.859
axis_2,p95,16.035300564069814,2,5.721393034825871,193,0,1.998
axis_2,p95,16.035300564069814,4,5.721393034825871,193,0,1.998
axis_2,p95,16.035300564069814,5,5.721393034825871,193,0,1.998
axis_2,p95,16.035300564069814,6,5.721393034825871,193,0,1.998
axis_2,p95,16.035300564069814,10,5.721393034825871,193,0,1.998
axis_2,p97_5,22.097146685564155,2,2.7915975677169707,101,0,0.0
axis_2,p97_5,22.097146685564155,4,2.7915975677169707,101,0,0.0
axis_2,p97_5,22.097146685564155,5,2.7915975677169707,101,0,0.0
axis_2,p97_5,22.097146685564155,6,2.7915975677169707,101,0,0.0
axis_2,p97_5,22.097146685564155,10,2.7915975677169707,101,0,0.0
axis_2,p99,31.926498089783983,2,0.9397457158651189,34,0,0.0
axis_2,p99,31.926498089783983,4,0.9397457158651189,34,0,0.0
axis_2,p99,31.926498089783983,5,0.9397457158651189,34,0,0.0
axis_2,p99,31.926498089783983,6,0.9397457158651189,34,0,0.0
axis_2,p99,31.926498089783983,10,0.9397457158651189,34,0,0.0
axis_2,p99_5,34.97434833295904,2,0.5804311774461027,21,0,0.0
axis_2,p99_5,34.97434833295904,4,0.5804311774461027,21,0,0.0
axis_2,p99_5,34.97434833295904,5,0.5804311774461027,21,0,0.0
axis_2,p99_5,34.97434833295904,6,0.5804311774461027,21,0,0.0
axis_2,p99_5,34.97434833295904,10,0.5804311774461027,21,0,0.0
axis_3,p80,2.7287486104246423,2,20.259812050856826,610,31,7.667
axis_3,p80,2.7287486104246423,4,20.259812050856826,610,7,7.667
axis_3,p80,2.7287486104246423,5,20.259812050856826,610,7,7.667
axis_3,p80,2.7287486104246423,6,20.259812050856826,610,2,7.667
axis_3,p80,2.7287486104246423,10,20.259812050856826,610,0,7.667
axis_3,p85,4.35269550515588,2,16.11387506909895,509,18,5.76
axis_3,p85,4.35269550515588,4,16.11387506909895,509,2,5.76
axis_3,p85,4.35269550515588,5,16.11387506909895,509,2,5.76
axis_3,p85,4.35269550515588,6,16.11387506909895,509,0,5.76
axis_3,p85,4.35269550515588,10,16.11387506909895,509,0,5.76
axis_3,p90,7.288664370056888,2,10.91763405196241,357,7,3.853
axis_3,p90,7.288664370056888,4,10.91763405196241,357,0,3.853
axis_3,p90,7.288664370056888,5,10.91763405196241,357,0,3.853
axis_3,p90,7.288664370056888,6,10.91763405196241,357,0,3.853
axis_3,p90,7.288664370056888,10,10.91763405196241,357,0,3.853
axis_3,p95,13.549195584470679,2,5.472636815920398,186,2,3.797
axis_3,p95,13.549195584470679,4,5.472636815920398,186,0,3.797
axis_3,p95,13.549195584470679,5,5.472636815920398,186,0,3.797
axis_3,p95,13.549195584470679,6,5.472636815920398,186,0,3.797
axis_3,p95,13.549195584470679,10,5.472636815920398,186,0,3.797
axis_3,p97_5,17.713398976783623,2,2.6533996683250414,94,0,1.933
axis_3,p97_5,17.713398976783623,4,2.6533996683250414,94,0,1.933
axis_3,p97_5,17.713398976783623,5,2.6533996683250414,94,0,1.933
axis_3,p97_5,17.713398976783623,6,2.6533996683250414,94,0,1.933
axis_3,p97_5,17.713398976783623,10,2.6533996683250414,94,0,1.933
axis_3,p99,22.21397827930036,2,1.1608623548922055,42,0,0.0
axis_3,p99,22.21397827930036,4,1.1608623548922055,42,0,0.0
axis_3,p99,22.21397827930036,5,1.1608623548922055,42,0,0.0
axis_3,p99,22.21397827930036,6,1.1608623548922055,42,0,0.0
axis_3,p99,22.21397827930036,10,1.1608623548922055,42,0,0.0
axis_3,p99_5,24.79389989397327,2,0.4975124378109453,18,0,0.0
axis_3,p99_5,24.79389989397327,4,0.4975124378109453,18,0,0.0
axis_3,p99_5,24.79389989397327,5,0.4975124378109453,18,0,0.0
axis_3,p99_5,24.79389989397327,6,0.4975124378109453,18,0,0.0
axis_3,p99_5,24.79389989397327,10,0.4975124378109453,18,0,0.0
axis_4,p80,0.761909411714474,2,19.37534549474848,592,17,5.693
axis_4,p80,0.761909411714474,4,19.37534549474848,592,2,5.693
axis_4,p80,0.761909411714474,5,19.37534549474848,592,2,5.693
axis_4,p80,0.761909411714474,6,19.37534549474848,592,0,5.693
axis_4,p80,0.761909411714474,10,19.37534549474848,592,0,5.693
axis_4,p85,1.2464355407146372,2,14.4555002763958,470,7,3.974
axis_4,p85,1.2464355407146372,4,14.4555002763958,470,0,3.974
axis_4,p85,1.2464355407146372,5,14.4555002763958,470,0,3.974
axis_4,p85,1.2464355407146372,6,14.4555002763958,470,0,3.974
axis_4,p85,1.2464355407146372,10,14.4555002763958,470,0,3.974
axis_4,p90,2.192869786744965,2,9.729132117191819,345,2,3.887
axis_4,p90,2.192869786744965,4,9.729132117191819,345,0,3.887
axis_4,p90,2.192869786744965,5,9.729132117191819,345,0,3.887
axis_4,p90,2.192869786744965,6,9.729132117191819,345,0,3.887
axis_4,p90,2.192869786744965,10,9.729132117191819,345,0,3.887
axis_4,p95,4.675862317118295,2,4.588170259812051,166,0,0.0
axis_4,p95,4.675862317118295,4,4.588170259812051,166,0,0.0
axis_4,p95,4.675862317118295,5,4.588170259812051,166,0,0.0
axis_4,p95,4.675862317118295,6,4.588170259812051,166,0,0.0
axis_4,p95,4.675862317118295,10,4.588170259812051,166,0,0.0
axis_4,p97_5,7.429202038515892,2,2.211166390270868,80,0,0.0
axis_4,p97_5,7.429202038515892,4,2.211166390270868,80,0,0.0
axis_4,p97_5,7.429202038515892,5,2.211166390270868,80,0,0.0
axis_4,p97_5,7.429202038515892,6,2.211166390270868,80,0,0.0
axis_4,p97_5,7.429202038515892,10,2.211166390270868,80,0,0.0
axis_4,p99,10.172228011734013,2,0.8015478164731896,29,0,0.0
axis_4,p99,10.172228011734013,4,0.8015478164731896,29,0,0.0
axis_4,p99,10.172228011734013,5,0.8015478164731896,29,0,0.0
axis_4,p99,10.172228011734013,6,0.8015478164731896,29,0,0.0
axis_4,p99,10.172228011734013,10,0.8015478164731896,29,0,0.0
axis_4,p99_5,11.222119241086524,2,0.41459369817578773,15,0,0.0
axis_4,p99_5,11.222119241086524,4,0.41459369817578773,15,0,0.0
axis_4,p99_5,11.222119241086524,5,0.41459369817578773,15,0,0.0
axis_4,p99_5,11.222119241086524,6,0.41459369817578773,15,0,0.0
axis_4,p99_5,11.222119241086524,10,0.41459369817578773,15,0,0.0
axis_5,p80,1.812531488998835,2,20.8955223880597,521,41,7.764
axis_5,p80,1.812531488998835,4,20.8955223880597,521,14,7.764
axis_5,p80,1.812531488998835,5,20.8955223880597,521,14,7.764
axis_5,p80,1.812531488998835,6,20.8955223880597,521,8,7.764
axis_5,p80,1.812531488998835,10,20.8955223880597,521,0,7.764
axis_5,p85,2.3149763930650953,2,15.561083471531234,433,28,7.563
axis_5,p85,2.3149763930650953,4,15.561083471531234,433,1,7.563
axis_5,p85,2.3149763930650953,5,15.561083471531234,433,1,7.563
axis_5,p85,2.3149763930650953,6,15.561083471531234,433,1,7.563
axis_5,p85,2.3149763930650953,10,15.561083471531234,433,0,7.563
axis_5,p90,3.027525733887511,2,10.503040353786622,338,9,3.892
axis_5,p90,3.027525733887511,4,10.503040353786622,338,0,3.892
axis_5,p90,3.027525733887511,5,10.503040353786622,338,0,3.892
axis_5,p90,3.027525733887511,6,10.503040353786622,338,0,3.892
axis_5,p90,3.027525733887511,10,10.503040353786622,338,0,3.892
axis_5,p95,5.2078225116274615,2,5.19624101713654,172,0,1.968
axis_5,p95,5.2078225116274615,4,5.19624101713654,172,0,1.968
axis_5,p95,5.2078225116274615,5,5.19624101713654,172,0,1.968
axis_5,p95,5.2078225116274615,6,5.19624101713654,172,0,1.968
axis_5,p95,5.2078225116274615,10,5.19624101713654,172,0,1.968
axis_5,p97_5,7.479024492174515,2,2.6810392482034273,91,0,1.968
axis_5,p97_5,7.479024492174515,4,2.6810392482034273,91,0,1.968
axis_5,p97_5,7.479024492174515,5,2.6810392482034273,91,0,1.968
axis_5,p97_5,7.479024492174515,6,2.6810392482034273,91,0,1.968
axis_5,p97_5,7.479024492174515,10,2.6810392482034273,91,0,1.968
axis_5,p99,10.78753297741647,2,0.9950248756218906,36,0,0.0
axis_5,p99,10.78753297741647,4,0.9950248756218906,36,0,0.0
axis_5,p99,10.78753297741647,5,0.9950248756218906,36,0,0.0
axis_5,p99,10.78753297741647,6,0.9950248756218906,36,0,0.0
axis_5,p99,10.78753297741647,10,0.9950248756218906,36,0,0.0
axis_5,p99_5,13.510874342360689,2,0.3869541182974019,14,0,0.0
axis_5,p99_5,13.510874342360689,4,0.3869541182974019,14,0,0.0
axis_5,p99_5,13.510874342360689,5,0.3869541182974019,14,0,0.0
axis_5,p99_5,13.510874342360689,6,0.3869541182974019,14,0,0.0
axis_5,p99_5,13.510874342360689,10,0.3869541182974019,14,0,0.0
axis_6,p80,0.4352174044405412,2,20.398009950248756,617,11,5.545
axis_6,p80,0.4352174044405412,4,20.398009950248756,617,2,5.545
axis_6,p80,0.4352174044405412,5,20.398009950248756,617,2,5.545
axis_6,p80,0.4352174044405412,6,20.398009950248756,617,0,5.545
axis_6,p80,0.4352174044405412,10,20.398009950248756,617,0,5.545
axis_6,p85,1.1027355940021495,2,15.754560530679933,481,6,5.516
axis_6,p85,1.1027355940021495,4,15.754560530679933,481,1,5.516
axis_6,p85,1.1027355940021495,5,15.754560530679933,481,1,5.516
axis_6,p85,1.1027355940021495,6,15.754560530679933,481,0,5.516
axis_6,p85,1.1027355940021495,10,15.754560530679933,481,0,5.516
axis_6,p90,2.986682895276,2,11.387506909894968,354,4,5.516
axis_6,p90,2.986682895276,4,11.387506909894968,354,1,5.516
axis_6,p90,2.986682895276,5,11.387506909894968,354,1,5.516
axis_6,p90,2.986682895276,6,11.387506909894968,354,0,5.516
axis_6,p90,2.986682895276,10,11.387506909894968,354,0,5.516
axis_6,p95,5.595853636070971,2,5.583195135433941,181,0,1.969
axis_6,p95,5.595853636070971,4,5.583195135433941,181,0,1.969
axis_6,p95,5.595853636070971,5,5.583195135433941,181,0,1.969
axis_6,p95,5.595853636070971,6,5.583195135433941,181,0,1.969
axis_6,p95,5.595853636070971,10,5.583195135433941,181,0,1.969
axis_6,p97_5,9.047685793204653,2,2.902155887230514,104,0,1.847
axis_6,p97_5,9.047685793204653,4,2.902155887230514,104,0,1.847
axis_6,p97_5,9.047685793204653,5,2.902155887230514,104,0,1.847
axis_6,p97_5,9.047685793204653,6,2.902155887230514,104,0,1.847
axis_6,p97_5,9.047685793204653,10,2.902155887230514,104,0,1.847
axis_6,p99,12.36444489461309,2,1.0503040353786623,38,0,0.0
axis_6,p99,12.36444489461309,4,1.0503040353786623,38,0,0.0
axis_6,p99,12.36444489461309,5,1.0503040353786623,38,0,0.0
axis_6,p99,12.36444489461309,6,1.0503040353786623,38,0,0.0
axis_6,p99,12.36444489461309,10,1.0503040353786623,38,0,0.0
axis_6,p99_5,13.461769522033347,2,0.6080707573244887,22,0,0.0
axis_6,p99_5,13.461769522033347,4,0.6080707573244887,22,0,0.0
axis_6,p99_5,13.461769522033347,5,0.6080707573244887,22,0,0.0
axis_6,p99_5,13.461769522033347,6,0.6080707573244887,22,0,0.0
axis_6,p99_5,13.461769522033347,10,0.6080707573244887,22,0,0.0
axis_7,p80,5.022418789938413,2,15.17412935323383,482,14,3.94
axis_7,p80,5.022418789938413,4,15.17412935323383,482,0,3.94
axis_7,p80,5.022418789938413,5,15.17412935323383,482,0,3.94
axis_7,p80,5.022418789938413,6,15.17412935323383,482,0,3.94
axis_7,p80,5.022418789938413,10,15.17412935323383,482,0,3.94
axis_7,p85,5.554549092921549,2,4.007739082365948,135,0,1.985
axis_7,p85,5.554549092921549,4,4.007739082365948,135,0,1.985
axis_7,p85,5.554549092921549,5,4.007739082365948,135,0,1.985
axis_7,p85,5.554549092921549,6,4.007739082365948,135,0,1.985
axis_7,p85,5.554549092921549,10,4.007739082365948,135,0,1.985
axis_7,p90,5.630095703961962,2,0.0,0,0,0.0
axis_7,p90,5.630095703961962,4,0.0,0,0,0.0
axis_7,p90,5.630095703961962,5,0.0,0,0,0.0
axis_7,p90,5.630095703961962,6,0.0,0,0,0.0
axis_7,p90,5.630095703961962,10,0.0,0,0,0.0
axis_7,p95,5.647214336834566,2,0.0,0,0,0.0
axis_7,p95,5.647214336834566,4,0.0,0,0,0.0
axis_7,p95,5.647214336834566,5,0.0,0,0,0.0
axis_7,p95,5.647214336834566,6,0.0,0,0,0.0
axis_7,p95,5.647214336834566,10,0.0,0,0,0.0
axis_7,p97_5,5.6974159297072235,2,0.0,0,0,0.0
axis_7,p97_5,5.6974159297072235,4,0.0,0,0,0.0
axis_7,p97_5,5.6974159297072235,5,0.0,0,0,0.0
axis_7,p97_5,5.6974159297072235,6,0.0,0,0,0.0
axis_7,p97_5,5.6974159297072235,10,0.0,0,0,0.0
axis_7,p99,5.71878115646378,2,0.0,0,0,0.0
axis_7,p99,5.71878115646378,4,0.0,0,0,0.0
axis_7,p99,5.71878115646378,5,0.0,0,0,0.0
axis_7,p99,5.71878115646378,6,0.0,0,0,0.0
axis_7,p99,5.71878115646378,10,0.0,0,0,0.0
axis_7,p99_5,5.72509523559768,2,0.0,0,0,0.0
axis_7,p99_5,5.72509523559768,4,0.0,0,0,0.0
axis_7,p99_5,5.72509523559768,5,0.0,0,0,0.0
axis_7,p99_5,5.72509523559768,6,0.0,0,0,0.0
axis_7,p99_5,5.72509523559768,10,0.0,0,0,0.0
axis_8,p90,0.14129096029073854,2,10.25428413488115,208,9,2.14
axis_8,p90,0.14129096029073854,4,10.25428413488115,208,0,2.14
axis_8,p90,0.14129096029073854,5,10.25428413488115,208,0,2.14
axis_8,p90,0.14129096029073854,6,10.25428413488115,208,0,2.14
axis_8,p90,0.14129096029073854,10,10.25428413488115,208,0,2.14
axis_8,p95,1.0305249322759205,2,5.306799336650083,178,1,2.011
axis_8,p95,1.0305249322759205,4,5.306799336650083,178,0,2.011
axis_8,p95,1.0305249322759205,5,5.306799336650083,178,0,2.011
axis_8,p95,1.0305249322759205,6,5.306799336650083,178,0,2.011
axis_8,p95,1.0305249322759205,10,5.306799336650083,178,0,2.011
axis_8,p97_5,2.853799619982625,2,2.183526810392482,79,0,0.0
axis_8,p97_5,2.853799619982625,4,2.183526810392482,79,0,0.0
axis_8,p97_5,2.853799619982625,5,2.183526810392482,79,0,0.0
axis_8,p97_5,2.853799619982625,6,2.183526810392482,79,0,0.0
axis_8,p97_5,2.853799619982625,10,2.183526810392482,79,0,0.0
axis_8,p99,3.671515847936905,2,0.9121061359867331,33,0,0.0
axis_8,p99,3.671515847936905,4,0.9121061359867331,33,0,0.0
axis_8,p99,3.671515847936905,5,0.9121061359867331,33,0,0.0
axis_8,p99,3.671515847936905,6,0.9121061359867331,33,0,0.0
axis_8,p99,3.671515847936905,10,0.9121061359867331,33,0,0.0
axis_8,p99_5,3.8300136426075033,2,0.552791597567717,20,0,0.0
axis_8,p99_5,3.8300136426075033,4,0.552791597567717,20,0,0.0
axis_8,p99_5,3.8300136426075033,5,0.552791597567717,20,0,0.0
axis_8,p99_5,3.8300136426075033,6,0.552791597567717,20,0,0.0
axis_8,p99_5,3.8300136426075033,10,0.552791597567717,20,0,0.0
